Team1,Team2,home,away,prob
A,B,1,0,0.7094690882486262
C,D,1,0,0.7094690882486262
E,F,1,0,0.7094690882486262
